顧客ID,名前,リピート回数
c0001,衛藤花子,1
c0002,工藤桃子,1
c0003,甲斐幸子,1
c0004,河野次郎,2
c0005,伊藤正男,1
c0006,佐藤桃子,1
c0007,河野花子,1
c0008,伊藤桃子,2
c0009,高橋花子,1
c0010,衛藤次郎,2
c0011,佐藤次郎,1
c0012,高橋桜子,1
c0013,渡辺太郎,2
c0014,甲斐太郎,2
c0015,阿南次郎,1
c0016,甲斐恵子,5
c0017,阿南次郎,1
c0018,阿南幸子,1
c0019,阿南桃子,2
c0020,渡辺桜子,2
c0021,伊藤幸子,1
c0022,阿南幸子,1
c0023,後藤恵子,3
c0024,高橋正男,3
c0025,阿南健太,1
c0026,工藤太郎,1
c0027,衛藤桃子,1
c0028,後藤恵子,5
c0029,甲斐正男,3
c0030,阿南幸子,1
c0031,衛藤花子,3
c0032,甲斐太郎,1
c0033,甲斐健太,2
c0034,衛藤正男,4
c0035,衛藤一郎,1
c0036,衛藤花子,1
c0037,工藤次郎,1
c0038,佐藤正男,1
c0039,衛藤花子,2
c0040,甲斐幸子,2
c0041,工藤幸子,2
c0042,甲斐正男,3
c0043,阿南太郎,1
c0044,渡辺幸子,1
c0045,高橋一郎,3
c0046,阿南太郎,1
c0047,伊藤次郎,1
c0048,衛藤一郎,1
c0049,後藤次郎,1
c0050,工藤桜子,1
c0051,後藤次郎,2
c0052,佐藤桃子,3
c0053,佐藤花子,1
c0054,河野恵子,1
c0055,河野花子,2
c0056,河野桃子,1
c0057,甲斐太郎,2
c0058,佐藤桃子,1
c0059,阿南正男,1
c0060,佐藤正男,1
c0061,高橋太郎,3
c0062,渡辺花子,2
c0063,河野桃子,2
c0064,伊藤幸子,2
c0065,工藤幸子,2
c0066,河野桃子,1
c0067,甲斐太郎,1
c0068,工藤一郎,3
c0069,後藤次郎,5
c0070,工藤恵子,1
c0071,河野次郎,3
c0072,後藤幸子,3
c0073,伊藤桃子,2
c0074,河野正男,1
c0075,甲斐太郎,1
c0076,工藤正男,4
c0077,渡辺太郎,1
c0078,伊藤一郎,1
c0079,阿南健太,3
c0080,後藤正男,1
c0081,後藤太郎,3
c0082,河野太郎,1
c0083,伊藤一郎,3
c0084,工藤恵子,1
c0085,河野健太,1
c0086,伊藤太郎,4
c0087,甲斐花子,1
c0088,高橋恵子,1
c0089,甲斐恵子,4
c0090,工藤健太,2
c0091,甲斐桜子,2
c0092,佐藤花子,5
c0093,衛藤次郎,1
c0094,伊藤健太,1
c0095,後藤花子,1
c0096,阿南次郎,1
c0097,高橋太郎,1
c0098,甲斐幸子,1
c0099,工藤太郎,2
c0100,甲斐正男,1
c0101,渡辺桃子,3
c0102,渡辺正男,1
c0103,後藤桜子,2
c0104,甲斐恵子,1
c0105,工藤一郎,4
c0106,高橋次郎,1
c0107,後藤花子,2
c0108,佐藤一郎,1
c0109,河野一郎,2
c0110,阿南桜子,1
c0111,佐藤正男,3
c0112,渡辺健太,2
c0113,衛藤一郎,1
c0114,佐藤花子,2
c0115,河野次郎,1
c0116,甲斐桃子,1
c0117,河野恵子,1
c0118,後藤桜子,1
c0119,渡辺正男,1
c0120,高橋太郎,1
c0121,衛藤次郎,5
c0122,渡辺花子,5
c0123,工藤健太,3
c0124,甲斐花子,1
c0125,伊藤花子,1
c0126,佐藤花子,4
c0127,甲斐花子,1
c0128,阿南正男,1
c0129,佐藤幸子,1
c0130,衛藤正男,5
c0131,高橋花子,2
c0132,伊藤一郎,1
c0133,後藤恵子,1
c0134,渡辺恵子,1
c0135,伊藤正男,1
c0136,阿南太郎,1
c0137,高橋桃子,1
c0138,伊藤恵子,1
c0139,伊藤桜子,1
c0140,甲斐次郎,1
c0141,渡辺幸子,2
c0142,後藤太郎,1
c0143,高橋一郎,1
c0144,高橋健太,1
c0145,河野太郎,1
c0146,高橋桃子,1
c0147,阿南太郎,4
c0148,甲斐健太,2
c0149,阿南太郎,1
c0150,佐藤太郎,1
c0151,衛藤一郎,1
c0152,阿南太郎,4
c0153,渡辺正男,1
c0154,高橋正男,5
c0155,河野一郎,1
c0156,甲斐恵子,1
c0157,河野健太,4
c0158,渡辺幸子,3
c0159,阿南恵子,1
c0160,佐藤健太,3
c0161,工藤太郎,1
c0162,衛藤次郎,1
c0163,衛藤桜子,3
c0164,後藤幸子,4
c0165,河野次郎,4
c0166,河野恵子,1
c0167,河野次郎,2
c0168,河野正男,1
c0169,高橋恵子,1
c0170,阿南次郎,1
c0171,衛藤花子,3
c0172,伊藤桃子,1
c0173,渡辺健太,1
c0174,佐藤桃子,3
c0175,渡辺桜子,1
c0176,工藤幸子,1
c0177,後藤次郎,1
c0178,佐藤健太,1
c0179,佐藤桃子,1
c0180,河野桃子,1
c0181,衛藤幸子,4
c0182,伊藤正男,1
c0183,阿南恵子,1
c0184,河野幸子,1
c0185,渡辺桜子,1
c0186,渡辺桜子,3
c0187,甲斐健太,2
c0188,衛藤桜子,1
c0189,工藤正男,1
c0190,佐藤一郎,5
c0191,工藤桜子,1
c0192,後藤太郎,3
c0193,甲斐一郎,3
c0194,渡辺次郎,1
c0195,阿南一郎,2
c0196,佐藤一郎,3
c0197,工藤桃子,3
c0198,後藤桃子,1
c0199,衛藤正男,1
c0200,渡辺桃子,3
c0201,甲斐幸子,1
c0202,佐藤幸子,1
c0203,甲斐正男,1
c0204,衛藤桃子,1
c0205,阿南一郎,1
c0206,渡辺幸子,5
c0207,後藤桜子,1
c0208,伊藤桜子,1
c0209,伊藤幸子,1
c0210,渡辺次郎,1
c0211,後藤次郎,1
c0212,後藤次郎,1
c0213,高橋健太,1
c0214,工藤次郎,2
c0215,佐藤桜子,2
c0216,伊藤桜子,1
c0217,高橋次郎,1
c0218,渡辺桜子,2
c0219,渡辺太郎,1
c0220,伊藤幸子,2
c0221,工藤桃子,2
c0222,甲斐桜子,1
c0223,渡辺幸子,4
c0224,阿南一郎,2
c0225,衛藤桃子,3
c0226,工藤一郎,4
c0227,伊藤桃子,1
c0228,佐藤一郎,1
c0229,衛藤正男,1
c0230,河野健太,1
c0231,衛藤桜子,4
c0232,衛藤健太,2
c0233,甲斐一郎,2
c0234,後藤幸子,1
c0235,渡辺太郎,1
c0236,甲斐健太,1
c0237,高橋桃子,2
c0238,阿南花子,1
c0239,佐藤健太,2
c0240,伊藤桜子,1
c0241,工藤桃子,1
c0242,河野太郎,1
c0243,衛藤桃子,2
c0244,阿南一郎,1
c0245,工藤健太,1
c0246,後藤正男,1
c0247,甲斐桜子,1
c0248,渡辺桜子,1
c0249,伊藤太郎,2
c0250,工藤幸子,1
c0251,佐藤次郎,3
c0252,高橋次郎,1
c0253,衛藤正男,1
c0254,佐藤花子,1
c0255,衛藤次郎,2
c0256,工藤健太,3
c0257,河野次郎,2
c0258,甲斐幸子,1
c0259,衛藤正男,1
c0260,渡辺健太,1
c0261,河野桜子,1
c0262,佐藤正男,2
c0263,高橋花子,1
c0264,工藤健太,3
c0265,高橋幸子,3
c0266,伊藤桃子,1
c0267,高橋太郎,1
c0268,甲斐太郎,2
c0269,伊藤太郎,1
c0270,工藤健太,1
c0271,衛藤花子,1
c0272,工藤正男,1
c0273,衛藤太郎,1
c0274,佐藤健太,1
c0275,後藤健太,1
c0276,阿南一郎,1
c0277,伊藤正男,1
c0278,河野正男,1
c0279,衛藤幸子,1
c0280,甲斐恵子,1
c0281,佐藤一郎,1
c0282,佐藤正男,1
c0283,甲斐健太,3
c0284,阿南正男,4
c0285,高橋桃子,4
c0286,渡辺一郎,3
c0287,工藤恵子,1
c0288,伊藤花子,1
c0289,阿南桜子,1
c0290,阿南正男,3
c0291,佐藤次郎,1
c0292,工藤桃子,1
c0293,高橋恵子,3
c0294,伊藤一郎,1
c0295,佐藤桜子,1
c0296,阿南正男,1
c0297,衛藤健太,2
c0298,工藤一郎,1
c0299,佐藤正男,4
c0300,高橋正男,1
c0301,佐藤太郎,1
c0302,衛藤桃子,1
c0303,衛藤一郎,1
c0304,佐藤正男,1
c0305,後藤次郎,1
c0306,甲斐恵子,1
c0307,阿南次郎,2
c0308,阿南幸子,1
c0309,佐藤次郎,1
c0310,河野太郎,1
c0311,工藤桜子,1
c0312,阿南桃子,1
c0313,渡辺幸子,2
c0314,衛藤次郎,1
c0315,渡辺次郎,4
c0316,甲斐桜子,3
c0317,高橋正男,1
c0318,河野健太,1
c0319,河野桃子,1
c0320,甲斐恵子,1
c0321,後藤一郎,2
c0322,甲斐花子,2
c0323,工藤桜子,2
c0324,工藤正男,3
c0325,後藤正男,1
c0326,渡辺次郎,4
c0327,高橋次郎,2
c0328,阿南幸子,1
c0329,工藤花子,1
c0330,高橋桜子,2
c0331,衛藤太郎,1
c0332,衛藤正男,2
c0333,衛藤恵子,2
c0334,河野桜子,2
c0335,高橋一郎,2
c0336,阿南桃子,1
c0337,衛藤桃子,1
c0338,伊藤桃子,2
c0339,渡辺花子,3
c0340,伊藤一郎,1
c0341,阿南健太,2
c0342,佐藤幸子,2
c0343,佐藤桜子,1
c0344,伊藤健太,5
c0345,後藤桃子,2
c0346,伊藤幸子,2
c0347,佐藤正男,1
c0348,工藤次郎,1
c0349,阿南花子,3
c0350,河野花子,1
c0351,佐藤恵子,1
c0352,佐藤正男,1
c0353,衛藤桜子,1
c0354,渡辺次郎,1
c0355,阿南花子,1
c0356,甲斐恵子,1
c0357,後藤次郎,1
c0358,高橋健太,2
c0359,後藤桜子,1
c0360,伊藤健太,4
c0361,河野太郎,1
c0362,佐藤一郎,1
c0363,工藤恵子,1
c0364,伊藤太郎,2
c0365,伊藤一郎,1
c0366,渡辺一郎,1
c0367,甲斐幸子,1
c0368,後藤花子,1
c0369,高橋桃子,1
c0370,高橋太郎,1
c0371,佐藤桃子,5
c0372,高橋太郎,1
c0373,衛藤正男,1
c0374,後藤正男,1
c0375,河野桜子,2
c0376,阿南太郎,1
c0377,伊藤幸子,5
c0378,衛藤幸子,1
c0379,甲斐恵子,2
c0380,後藤桜子,2
c0381,工藤恵子,1
c0382,後藤健太,5
c0383,甲斐桃子,1
c0384,阿南健太,1
c0385,渡辺花子,2
c0386,河野健太,1
c0387,渡辺健太,1
c0388,衛藤正男,4
c0389,衛藤花子,3
c0390,伊藤一郎,1
c0391,渡辺花子,1
c0392,伊藤太郎,1
c0393,阿南次郎,1
c0394,渡辺健太,1
c0395,伊藤花子,1
c0396,渡辺幸子,1
c0397,渡辺正男,1
c0398,衛藤恵子,1
c0399,河野正男,3
c0400,後藤幸子,1
c0401,後藤花子,1
c0402,工藤恵子,1
c0403,高橋健太,2
c0404,甲斐幸子,2
c0405,阿南幸子,1
c0406,佐藤健太,1
c0407,高橋桜子,5
c0408,後藤正男,1
c0409,渡辺恵子,2
c0410,工藤桃子,1
c0411,工藤恵子,1
c0412,甲斐恵子,1
c0413,河野太郎,1
c0414,甲斐一郎,1
c0415,甲斐太郎,1
c0416,佐藤恵子,2
c0417,伊藤太郎,1
c0418,甲斐正男,1
c0419,後藤健太,2
c0420,佐藤幸子,1
c0421,甲斐正男,4
c0422,衛藤太郎,1
c0423,甲斐桜子,1
c0424,伊藤正男,1
c0425,河野正男,4
c0426,河野幸子,1
c0427,甲斐花子,2
c0428,高橋健太,2
c0429,高橋一郎,4
c0430,佐藤健太,1
c0431,衛藤幸子,1
c0432,佐藤花子,4
c0433,伊藤桃子,1
c0434,佐藤健太,1
c0435,渡辺桜子,3
c0436,工藤桃子,1
c0437,後藤一郎,1
c0438,甲斐正男,5
c0439,高橋次郎,1
c0440,渡辺一郎,5
c0441,衛藤健太,3
c0442,高橋次郎,1
c0443,工藤健太,1
c0444,伊藤健太,2
c0445,後藤桜子,1
c0446,高橋桃子,1
c0447,伊藤一郎,5
c0448,伊藤太郎,1
c0449,阿南一郎,1
c0450,河野次郎,3
c0451,阿南一郎,1
c0452,伊藤次郎,1
c0453,佐藤花子,3
c0454,高橋太郎,1
c0455,河野花子,1
c0456,阿南花子,1
c0457,工藤幸子,1
c0458,伊藤桜子,3
c0459,渡辺太郎,2
c0460,伊藤正男,1
c0461,渡辺健太,1
c0462,阿南健太,2
c0463,伊藤次郎,2
c0464,工藤恵子,1
c0465,後藤桃子,1
c0466,後藤健太,1
c0467,衛藤正男,1
c0468,渡辺次郎,5
c0469,高橋恵子,2
c0470,工藤太郎,1
c0471,高橋太郎,1
c0472,佐藤一郎,1
c0473,河野桃子,1
c0474,河野桜子,2
c0475,河野正男,1
c0476,工藤花子,1
c0477,工藤太郎,1
c0478,伊藤花子,5
c0479,後藤花子,1
c0480,河野幸子,1
c0481,高橋健太,1
c0482,河野恵子,3
c0483,後藤桜子,2
c0484,佐藤次郎,1
c0485,伊藤桃子,1
c0486,渡辺太郎,1
c0487,後藤幸子,3
c0488,高橋桃子,5
c0489,伊藤一郎,3
c0490,佐藤恵子,1
c0491,阿南桃子,1
c0492,工藤恵子,1
c0493,佐藤幸子,4
c0494,甲斐桃子,5
c0495,後藤太郎,1
c0496,甲斐正男,3
c0497,佐藤一郎,1
c0498,工藤桜子,1
c0499,阿南幸子,1
c0500,衛藤桃子,2
c0501,衛藤次郎,5
c0502,伊藤次郎,5
c0503,河野健太,1
c0504,高橋桜子,1
c0505,河野一郎,3
c0506,佐藤健太,1
c0507,佐藤幸子,1
c0508,河野幸子,1
c0509,衛藤次郎,5
c0510,渡辺正男,1
c0511,後藤次郎,1
c0512,衛藤幸子,1
c0513,河野太郎,3
c0514,衛藤健太,3
c0515,阿南幸子,5
c0516,衛藤太郎,2
c0517,工藤恵子,1
c0518,伊藤正男,1
c0519,渡辺幸子,1
c0520,衛藤恵子,4
c0521,甲斐正男,2
c0522,佐藤桜子,5
c0523,工藤恵子,2
c0524,河野一郎,1
c0525,衛藤幸子,1
c0526,渡辺次郎,1
c0527,渡辺恵子,1
c0528,阿南恵子,1
c0529,後藤花子,1
c0530,高橋一郎,2
c0531,甲斐次郎,1
c0532,河野太郎,2
c0533,阿南幸子,2
c0534,後藤太郎,1
c0535,高橋桃子,1
c0536,佐藤正男,2
c0537,佐藤幸子,1
c0538,渡辺花子,3
c0539,佐藤正男,4
c0540,衛藤健太,1
c0541,渡辺正男,1
c0542,阿南桃子,5
c0543,後藤幸子,2
c0544,佐藤桃子,2
c0545,佐藤幸子,3
c0546,甲斐桜子,5
c0547,伊藤花子,1
c0548,阿南幸子,1
c0549,高橋次郎,1
c0550,衛藤正男,1
c0551,衛藤桃子,1
c0552,渡辺花子,1
c0553,衛藤恵子,2
c0554,渡辺健太,4
c0555,工藤桜子,1
c0556,後藤健太,2
c0557,甲斐正男,2
c0558,阿南桜子,1
c0559,甲斐桃子,2
c0560,衛藤健太,2
c0561,工藤幸子,2
c0562,河野恵子,2
c0563,衛藤太郎,2
c0564,後藤正男,2
c0565,渡辺桃子,1
c0566,工藤次郎,1
c0567,後藤恵子,1
c0568,佐藤次郎,1
c0569,河野健太,2
c0570,阿南健太,1
c0571,後藤桃子,3
c0572,後藤一郎,4
c0573,伊藤花子,5
c0574,後藤恵子,2
c0575,阿南次郎,3
c0576,佐藤正男,5
c0577,河野幸子,2
c0578,甲斐幸子,3
c0579,工藤一郎,2
c0580,佐藤太郎,5
c0581,高橋花子,1
c0582,佐藤太郎,1
c0583,伊藤幸子,1
c0584,阿南恵子,2
c0585,衛藤健太,1
c0586,阿南幸子,3
c0587,阿南恵子,1
c0588,甲斐正男,1
c0589,高橋正男,3
c0590,高橋花子,1
c0591,高橋幸子,1
c0592,渡辺幸子,2
c0593,佐藤正男,4
c0594,後藤幸子,2
c0595,河野桃子,1
c0596,渡辺桃子,1
c0597,伊藤次郎,1
c0598,後藤太郎,3
c0599,河野恵子,1
c0600,阿南恵子,2
c0601,工藤桜子,2
c0602,伊藤正男,1
c0603,工藤桜子,2
c0604,佐藤次郎,2
c0605,伊藤一郎,2
c0606,後藤桜子,1
c0607,阿南恵子,1
c0608,佐藤健太,5
c0609,阿南健太,1
c0610,衛藤恵子,1
c0611,衛藤一郎,1
c0612,佐藤太郎,1
c0613,河野桜子,4
c0614,佐藤幸子,1
c0615,甲斐恵子,2
c0616,高橋健太,5
c0617,渡辺健太,2
c0618,後藤花子,5
c0619,高橋一郎,1
c0620,工藤恵子,1
c0621,高橋桜子,1
c0622,甲斐正男,1
c0623,河野幸子,2
c0624,高橋健太,1
c0625,河野幸子,5
c0626,伊藤正男,1
c0627,甲斐一郎,1
c0628,渡辺次郎,1
c0629,阿南桜子,2
c0630,後藤太郎,1
c0631,渡辺一郎,1
c0632,渡辺健太,1
c0633,佐藤次郎,1
c0634,工藤桜子,1
c0635,佐藤恵子,2
c0636,伊藤桜子,1
c0637,佐藤恵子,1
c0638,高橋幸子,1
c0639,衛藤桃子,1
c0640,佐藤幸子,2
c0641,渡辺次郎,1
c0642,伊藤花子,3
c0643,佐藤桃子,2
c0644,伊藤一郎,2
c0645,佐藤健太,1
c0646,河野太郎,1
c0647,河野幸子,1
c0648,後藤桜子,2
c0649,高橋桃子,1
c0650,阿南花子,1
c0651,高橋健太,1
c0652,佐藤幸子,1
c0653,佐藤桜子,1
c0654,衛藤正男,1
c0655,衛藤次郎,2
c0656,工藤幸子,1
c0657,甲斐恵子,1
c0658,甲斐正男,1
c0659,佐藤幸子,1
c0660,工藤次郎,1
c0661,佐藤桃子,1
c0662,後藤一郎,1
c0663,河野正男,2
c0664,伊藤太郎,1
c0665,河野太郎,1
c0666,河野一郎,2
c0667,阿南恵子,3
c0668,高橋花子,1
c0669,高橋花子,1
c0670,衛藤桜子,1
c0671,阿南桜子,3
c0672,工藤健太,1
c0673,工藤一郎,1
c0674,後藤健太,2
c0675,阿南桜子,1
c0676,伊藤桃子,1
c0677,衛藤桃子,1
c0678,河野次郎,1
c0679,高橋花子,1
c0680,工藤恵子,1
c0681,甲斐幸子,3
c0682,高橋花子,5
c0683,高橋正男,2
c0684,衛藤一郎,1
c0685,高橋恵子,4
c0686,衛藤幸子,1
c0687,甲斐次郎,1
c0688,工藤恵子,1
c0689,阿南次郎,1
c0690,甲斐次郎,3
c0691,高橋一郎,2
c0692,渡辺幸子,1
c0693,衛藤花子,5
c0694,河野花子,2
c0695,甲斐恵子,1
c0696,佐藤幸子,1
c0697,阿南恵子,1
c0698,阿南花子,2
c0699,高橋一郎,1
c0700,渡辺健太,1
c0701,工藤健太,2
c0702,衛藤健太,1
c0703,佐藤健太,2
c0704,伊藤一郎,2
c0705,佐藤次郎,1
c0706,工藤健太,1
c0707,阿南桃子,1
c0708,後藤健太,2
c0709,高橋桜子,1
c0710,衛藤桜子,1
c0711,甲斐幸子,1
c0712,高橋健太,1
c0713,甲斐健太,1
c0714,甲斐恵子,2
c0715,工藤恵子,1
c0716,阿南花子,1
c0717,伊藤次郎,2
c0718,甲斐一郎,1
c0719,伊藤幸子,2
c0720,伊藤桃子,1
c0721,衛藤桜子,3
c0722,渡辺正男,1
c0723,工藤桃子,1
c0724,渡辺一郎,1
c0725,渡辺正男,3
c0726,高橋次郎,1
c0727,佐藤花子,2
c0728,佐藤次郎,1
c0729,佐藤花子,1
c0730,阿南花子,1
c0731,高橋正男,1
c0732,衛藤幸子,4
c0733,河野花子,1
c0734,河野次郎,1
c0735,高橋桜子,1
c0736,河野太郎,1
c0737,後藤正男,2
c0738,甲斐幸子,1
c0739,甲斐花子,1
c0740,衛藤花子,1
c0741,伊藤桜子,1
c0742,工藤正男,1
c0743,工藤次郎,5
c0744,衛藤一郎,3
c0745,後藤太郎,1
c0746,後藤一郎,1
c0747,高橋恵子,1
c0748,工藤恵子,2
c0749,甲斐一郎,5
c0750,衛藤太郎,1
c0751,工藤健太,1
c0752,高橋桃子,1
c0753,高橋一郎,2
c0754,高橋正男,1
c0755,衛藤太郎,1
c0756,佐藤健太,1
c0757,佐藤健太,2
c0758,後藤桜子,1
c0759,阿南桜子,1
c0760,後藤正男,1
c0761,渡辺桃子,1
c0762,後藤健太,1
c0763,河野花子,2
c0764,伊藤桃子,1
c0765,高橋桃子,1
c0766,工藤桃子,3
c0767,佐藤恵子,4
c0768,高橋次郎,2
c0769,阿南花子,2
c0770,伊藤桃子,1
c0771,渡辺恵子,1
c0772,阿南次郎,5
c0773,河野太郎,1
c0774,甲斐一郎,1
c0775,工藤太郎,1
c0776,佐藤健太,1
c0777,高橋幸子,1
c0778,阿南恵子,4
c0779,阿南正男,1
c0780,阿南次郎,2
c0781,渡辺健太,2
c0782,衛藤一郎,1
c0783,阿南一郎,1
c0784,衛藤健太,1
c0785,後藤一郎,2
c0786,衛藤桃子,5
c0787,高橋恵子,3
c0788,阿南一郎,1
c0789,衛藤桃子,1
c0790,阿南桃子,1
c0791,衛藤次郎,2
c0792,佐藤太郎,1
c0793,工藤太郎,4
c0794,後藤正男,1
c0795,衛藤一郎,2
c0796,河野健太,2
c0797,工藤桃子,5
c0798,伊藤恵子,1
c0799,衛藤桜子,1
c0800,阿南健太,1
c0801,後藤正男,1
c0802,甲斐恵子,1
c0803,工藤幸子,1
c0804,甲斐幸子,5
c0805,河野正男,1
c0806,河野一郎,1
c0807,伊藤正男,3
c0808,伊藤恵子,1
c0809,阿南次郎,3
c0810,高橋正男,1
c0811,阿南幸子,1
c0812,甲斐次郎,3
c0813,工藤幸子,2
c0814,甲斐花子,2
c0815,渡辺桜子,1
c0816,衛藤健太,2
c0817,佐藤健太,2
c0818,工藤健太,2
c0819,佐藤恵子,1
c0820,後藤太郎,1
c0821,伊藤太郎,4
c0822,甲斐桃子,1
c0823,高橋次郎,5
c0824,佐藤正男,2
c0825,工藤正男,1
c0826,伊藤恵子,1
c0827,甲斐太郎,3
c0828,高橋恵子,1
c0829,後藤一郎,1
c0830,伊藤花子,3
c0831,高橋太郎,4
c0832,工藤花子,3
c0833,河野桜子,1
c0834,工藤恵子,1
c0835,佐藤恵子,4
c0836,河野幸子,3
c0837,河野花子,4
c0838,甲斐幸子,3
c0839,阿南桃子,4
c0840,佐藤次郎,1
c0841,伊藤桃子,1
c0842,阿南正男,5
c0843,阿南恵子,1
c0844,阿南太郎,4
c0845,工藤花子,2
c0846,河野幸子,1
c0847,後藤健太,4
c0848,伊藤太郎,2
c0849,河野恵子,2
c0850,伊藤太郎,1
c0851,渡辺太郎,4
c0852,渡辺一郎,1
c0853,河野正男,1
c0854,工藤次郎,2
c0855,佐藤桃子,1
c0856,後藤健太,1
c0857,河野桜子,1
c0858,佐藤次郎,2
c0859,高橋正男,1
c0860,河野桃子,3
c0861,伊藤次郎,1
c0862,渡辺一郎,2
c0863,高橋次郎,1
c0864,河野幸子,1
c0865,渡辺太郎,2
c0866,後藤太郎,1
c0867,甲斐次郎,2
c0868,河野太郎,1
c0869,阿南健太,1
c0870,伊藤恵子,1
c0871,伊藤桃子,1
c0872,阿南正男,3
c0873,渡辺桜子,2
c0874,阿南恵子,1
c0875,渡辺一郎,1
c0876,渡辺幸子,1
c0877,工藤次郎,2
c0878,河野次郎,2
c0879,工藤桃子,2
c0880,河野恵子,1
c0881,伊藤正男,1
c0882,衛藤一郎,1
c0883,工藤正男,2
c0884,衛藤正男,1
c0885,甲斐次郎,3
c0886,渡辺幸子,2
c0887,佐藤幸子,1
c0888,甲斐桜子,1
c0889,甲斐桜子,3
c0890,阿南太郎,4
c0891,伊藤桜子,1
c0892,伊藤正男,1
c0893,渡辺桃子,2
c0894,甲斐桃子,1
c0895,工藤正男,1
c0896,衛藤次郎,1
c0897,河野桜子,2
c0898,佐藤桜子,3
c0899,工藤桜子,1
c0900,阿南正男,1
c0901,甲斐次郎,1
c0902,伊藤次郎,1
c0903,伊藤健太,1
c0904,河野太郎,2
c0905,河野太郎,1
c0906,甲斐次郎,1
c0907,阿南花子,1
c0908,阿南花子,2
c0909,後藤正男,1
c0910,工藤花子,1
c0911,衛藤幸子,1
c0912,佐藤恵子,1
c0913,阿南桜子,2
c0914,佐藤桜子,1
c0915,渡辺恵子,1
c0916,衛藤花子,1
c0917,伊藤桜子,3
c0918,衛藤健太,1
c0919,渡辺次郎,1
c0920,高橋恵子,2
c0921,佐藤健太,1
c0922,渡辺幸子,1
c0923,衛藤一郎,1
c0924,阿南正男,4
c0925,渡辺桃子,2
c0926,衛藤健太,1
c0927,阿南恵子,1
c0928,工藤恵子,1
c0929,河野恵子,1
c0930,佐藤太郎,1
c0931,後藤桜子,1
c0932,河野桃子,1
c0933,甲斐次郎,1
c0934,阿南正男,4
c0935,河野桜子,1
c0936,後藤次郎,2
c0937,甲斐恵子,5
c0938,後藤健太,2
c0939,伊藤一郎,1
c0940,河野恵子,3
c0941,佐藤恵子,1
c0942,工藤花子,1
c0943,河野花子,3
c0944,阿南太郎,2
c0945,工藤太郎,1
c0946,伊藤正男,1
c0947,後藤幸子,3
c0948,工藤花子,2
c0949,衛藤正男,2
c0950,阿南健太,1
c0951,河野桜子,5
c0952,河野恵子,1
c0953,伊藤次郎,1
c0954,高橋太郎,1
c0955,佐藤正男,3
c0956,高橋太郎,1
c0957,河野花子,1
c0958,佐藤太郎,5
c0959,工藤一郎,1
c0960,佐藤一郎,2
c0961,高橋次郎,1
c0962,阿南太郎,2
c0963,佐藤恵子,1
c0964,伊藤健太,1
c0965,工藤正男,1
c0966,高橋桜子,1
c0967,河野健太,1
c0968,渡辺恵子,3
c0969,伊藤健太,1
c0970,甲斐花子,1
c0971,工藤太郎,1
c0972,伊藤健太,3
c0973,河野太郎,1
c0974,衛藤花子,5
c0975,後藤桜子,1
c0976,後藤幸子,2
c0977,河野花子,1
c0978,甲斐花子,1
c0979,高橋桃子,1
c0980,衛藤桃子,2
c0981,高橋恵子,1
c0982,高橋一郎,1
c0983,渡辺次郎,1
c0984,衛藤一郎,2
c0985,後藤次郎,2
c0986,工藤幸子,1
c0987,高橋正男,2
c0988,伊藤次郎,3
c0989,伊藤正男,1
c0990,後藤幸子,1
c0991,衛藤恵子,1
c0992,佐藤幸子,1
c0993,渡辺恵子,1
c0994,佐藤次郎,1
c0995,甲斐健太,1
c0996,河野幸子,1
c0997,工藤花子,1
c0998,阿南桃子,5
c0999,河野健太,2
c1000,伊藤桜子,1
c1001,阿南太郎,1
c1002,河野桜子,1
c1003,後藤花子,1
c1004,渡辺健太,1
c1005,阿南正男,3
c1006,佐藤次郎,1
c1007,甲斐太郎,3
c1008,高橋次郎,2
c1009,甲斐桃子,2
c1010,伊藤次郎,5
c1011,佐藤正男,1
c1012,後藤正男,1
c1013,河野花子,4
c1014,伊藤桃子,1
c1015,後藤太郎,1
c1016,阿南桜子,1
c1017,後藤健太,1
c1018,衛藤次郎,2
c1019,後藤健太,1
c1020,河野次郎,1
c1021,後藤次郎,2
c1022,工藤恵子,1
c1023,渡辺桜子,1
c1024,高橋一郎,1
c1025,阿南健太,1
c1026,渡辺正男,1
c1027,佐藤恵子,2
c1028,後藤桜子,3
c1029,高橋正男,2
c1030,河野桜子,1
c1031,河野一郎,1
c1032,阿南次郎,1
c1033,阿南健太,2
c1034,甲斐桜子,2
c1035,佐藤花子,1
c1036,渡辺桜子,1
c1037,工藤花子,1
c1038,伊藤太郎,1
c1039,河野正男,2
c1040,伊藤桜子,1
c1041,高橋幸子,1
c1042,佐藤太郎,5
c1043,工藤桃子,3
c1044,高橋桜子,1
c1045,伊藤桜子,1
c1046,工藤太郎,1
c1047,伊藤太郎,3
c1048,阿南恵子,1
c1049,河野桃子,5
c1050,高橋桃子,1
c1051,工藤一郎,3
c1052,衛藤太郎,1
c1053,伊藤太郎,1
c1054,衛藤次郎,2
c1055,工藤正男,1
c1056,甲斐正男,2
c1057,高橋桃子,1
c1058,伊藤恵子,2
c1059,高橋正男,2
c1060,阿南幸子,1
c1061,衛藤恵子,1
c1062,高橋次郎,4
c1063,河野桃子,1
c1064,佐藤健太,1
c1065,河野正男,1
c1066,甲斐健太,1
c1067,工藤正男,2
c1068,伊藤太郎,3
c1069,工藤桃子,2
c1070,工藤太郎,1
c1071,甲斐健太,1
c1072,衛藤桃子,1
c1073,阿南幸子,1
c1074,甲斐一郎,1
c1075,伊藤幸子,1
c1076,阿南桜子,2
c1077,工藤一郎,2
c1078,衛藤幸子,1
c1079,伊藤花子,1
c1080,後藤花子,1
c1081,後藤幸子,1
c1082,後藤幸子,2
c1083,工藤太郎,1
c1084,工藤太郎,1
c1085,伊藤花子,1
c1086,工藤一郎,1
c1087,河野桜子,1
c1088,伊藤正男,1
c1089,佐藤太郎,3
c1090,工藤幸子,3
c1091,後藤恵子,1
c1092,工藤花子,1
c1093,佐藤健太,2
c1094,工藤桜子,1
c1095,甲斐桜子,3
c1096,後藤桃子,4
c1097,衛藤正男,1
c1098,河野次郎,2
c1099,高橋桜子,1
c1100,渡辺健太,2
c1101,伊藤恵子,1
c1102,甲斐正男,1
c1103,佐藤一郎,1
c1104,伊藤太郎,1
c1105,工藤幸子,1
c1106,高橋太郎,5
c1107,甲斐太郎,1
c1108,伊藤太郎,1
c1109,甲斐桜子,2
c1110,後藤健太,1
c1111,衛藤一郎,1
c1112,工藤幸子,1
c1113,高橋次郎,1
c1114,工藤桃子,2
c1115,渡辺桃子,4
c1116,甲斐一郎,1
c1117,甲斐一郎,4
c1118,渡辺桃子,5
c1119,佐藤太郎,2
c1120,甲斐次郎,4
c1121,後藤恵子,3
c1122,渡辺花子,1
c1123,高橋恵子,1
c1124,阿南一郎,1
c1125,衛藤一郎,1
c1126,伊藤次郎,3
c1127,河野恵子,3
c1128,佐藤正男,1
c1129,河野桃子,1
c1130,工藤次郎,1
c1131,後藤一郎,2
c1132,渡辺花子,2
c1133,後藤恵子,1
c1134,工藤健太,1
c1135,高橋幸子,3
c1136,佐藤花子,3
c1137,伊藤桜子,1
c1138,佐藤花子,2
c1139,甲斐次郎,5
c1140,伊藤花子,1
c1141,後藤花子,1
c1142,阿南正男,1
c1143,工藤健太,1
c1144,阿南一郎,1
c1145,工藤一郎,1
c1146,後藤次郎,2
c1147,衛藤幸子,1
c1148,衛藤桜子,1
c1149,後藤正男,1
c1150,衛藤恵子,1
c1151,工藤太郎,2
c1152,衛藤幸子,1
c1153,後藤恵子,1
c1154,甲斐幸子,1
c1155,河野恵子,1
c1156,佐藤幸子,2
c1157,高橋恵子,1
c1158,衛藤正男,1
c1159,伊藤太郎,2
c1160,衛藤桜子,3
c1161,工藤恵子,1
c1162,工藤健太,1
c1163,河野太郎,1
c1164,伊藤恵子,2
c1165,渡辺正男,4
c1166,河野桃子,1
c1167,高橋太郎,4
c1168,甲斐桜子,1
c1169,河野正男,1
c1170,伊藤健太,1
c1171,衛藤恵子,1
c1172,高橋桃子,1
c1173,伊藤桜子,1
c1174,渡辺恵子,1
c1175,伊藤桜子,1
c1176,高橋一郎,1
c1177,佐藤正男,2
c1178,後藤正男,2
c1179,佐藤太郎,1
c1180,渡辺太郎,2
c1181,高橋桃子,1
c1182,佐藤桃子,1
c1183,渡辺幸子,1
c1184,渡辺恵子,4
c1185,渡辺幸子,5
c1186,伊藤太郎,1
c1187,佐藤一郎,1
c1188,河野恵子,2
c1189,工藤次郎,2
c1190,佐藤次郎,1
c1191,阿南幸子,1
c1192,阿南幸子,1
c1193,衛藤恵子,5
c1194,伊藤正男,1
c1195,阿南桃子,1
c1196,伊藤幸子,1
c1197,河野健太,2
c1198,甲斐幸子,3
c1199,工藤健太,1
c1200,後藤幸子,1
c1201,工藤一郎,1
c1202,伊藤幸子,1
c1203,甲斐正男,1
c1204,阿南桃子,1
c1205,甲斐桃子,4
c1206,工藤一郎,2
c1207,渡辺桃子,3
c1208,佐藤次郎,2
c1209,渡辺一郎,1
c1210,渡辺幸子,1
c1211,渡辺桃子,1
c1212,衛藤健太,2
c1213,渡辺健太,1
c1214,渡辺桜子,1
c1215,甲斐正男,1
c1216,工藤健太,3
c1217,渡辺恵子,1
c1218,後藤恵子,1
c1219,工藤次郎,1
c1220,高橋次郎,1
c1221,衛藤健太,3
c1222,後藤太郎,1
c1223,河野幸子,5
c1224,伊藤健太,1
c1225,後藤幸子,1
c1226,高橋花子,4
c1227,工藤桃子,4
c1228,衛藤太郎,2
c1229,高橋花子,1
c1230,阿南桃子,4
c1231,衛藤桜子,1
c1232,伊藤恵子,1
c1233,佐藤次郎,1
c1234,後藤幸子,1
c1235,工藤健太,1
c1236,後藤太郎,3
c1237,後藤幸子,3
c1238,河野幸子,3
c1239,渡辺恵子,1
c1240,佐藤次郎,1
c1241,河野恵子,1
c1242,後藤一郎,1
c1243,衛藤一郎,1
c1244,佐藤恵子,3
c1245,河野花子,1
c1246,甲斐桃子,1
c1247,阿南幸子,2
c1248,高橋恵子,1
c1249,渡辺正男,1
c1250,工藤恵子,1
c1251,衛藤桜子,1
c1252,伊藤花子,1
c1253,阿南一郎,1
c1254,渡辺花子,1
c1255,甲斐桃子,5
c1256,河野桜子,2
c1257,工藤健太,1
c1258,後藤花子,2
c1259,工藤太郎,1
c1260,後藤太郎,1
c1261,工藤正男,1
c1262,佐藤正男,1
c1263,阿南桜子,1
c1264,阿南健太,1
c1265,伊藤次郎,1
c1266,工藤一郎,1
c1267,阿南太郎,4
c1268,阿南恵子,1
c1269,渡辺桜子,1
c1270,甲斐幸子,2
c1271,渡辺一郎,1
c1272,高橋桃子,1
c1273,佐藤次郎,1
c1274,甲斐桜子,1
c1275,阿南幸子,1
c1276,後藤花子,1
c1277,衛藤次郎,4
c1278,阿南次郎,1
c1279,伊藤一郎,5
c1280,衛藤一郎,2
c1281,佐藤幸子,1
c1282,阿南桜子,1
c1283,工藤一郎,1
c1284,甲斐次郎,4
c1285,伊藤正男,5
c1286,渡辺恵子,1
c1287,渡辺正男,4
c1288,衛藤桜子,1
c1289,渡辺太郎,1
c1290,衛藤太郎,1
c1291,工藤太郎,1
c1292,甲斐恵子,1
c1293,阿南恵子,1
c1294,衛藤花子,2
c1295,高橋幸子,4
c1296,衛藤桃子,1
c1297,渡辺太郎,1
c1298,佐藤一郎,1
c1299,伊藤恵子,2
c1300,伊藤幸子,5
c1301,渡辺一郎,1
c1302,衛藤正男,2
c1303,甲斐一郎,1
c1304,河野一郎,1
c1305,後藤太郎,1
c1306,伊藤恵子,1
c1307,阿南桜子,1
c1308,佐藤太郎,1
c1309,佐藤花子,1
c1310,後藤花子,5
c1311,甲斐幸子,1
c1312,河野太郎,2
c1313,衛藤次郎,2
c1314,河野花子,1
c1315,阿南幸子,1
c1316,渡辺恵子,2
c1317,衛藤正男,1
c1318,伊藤次郎,3
c1319,衛藤一郎,2
c1320,高橋一郎,5
c1321,河野一郎,3
c1322,渡辺桜子,1
c1323,衛藤幸子,3
c1324,伊藤太郎,1
c1325,渡辺正男,2
c1326,後藤桜子,3
c1327,高橋一郎,2
c1328,甲斐一郎,4
c1329,阿南太郎,1
c1330,甲斐健太,1
c1331,工藤健太,3
c1332,佐藤太郎,4
c1333,後藤幸子,1
c1334,後藤太郎,1
c1335,阿南正男,2
c1336,伊藤正男,1
c1337,工藤健太,2
c1338,衛藤幸子,2
c1339,伊藤桃子,2
c1340,阿南桃子,1
c1341,佐藤桜子,1
c1342,渡辺正男,1
c1343,工藤幸子,2
c1344,高橋健太,1
c1345,工藤正男,1
c1346,衛藤花子,1
c1347,佐藤恵子,1
c1348,阿南桜子,1
c1349,阿南幸子,1
c1350,衛藤恵子,1
c1351,阿南幸子,1
c1352,高橋正男,1
c1353,後藤花子,2
c1354,河野太郎,1
c1355,阿南幸子,2
c1356,衛藤花子,1
c1357,阿南正男,1
c1358,河野次郎,1
c1359,後藤正男,1
c1360,工藤恵子,1
c1361,河野健太,1
c1362,佐藤桜子,1
c1363,高橋花子,1
c1364,河野次郎,1
c1365,阿南桜子,1
c1366,高橋健太,1
c1367,阿南花子,3
c1368,渡辺花子,1
c1369,阿南正男,2
c1370,工藤一郎,4
c1371,後藤花子,1
c1372,甲斐花子,2
c1373,甲斐花子,1
c1374,後藤幸子,1
c1375,河野幸子,1
c1376,佐藤桜子,1
c1377,後藤幸子,1
c1378,渡辺正男,1
c1379,後藤花子,2
c1380,伊藤次郎,1
c1381,甲斐桜子,1
c1382,河野恵子,1
c1383,佐藤太郎,1
c1384,高橋正男,1
c1385,阿南一郎,1
c1386,佐藤桜子,3
c1387,衛藤次郎,5
c1388,河野恵子,1
c1389,高橋恵子,4
c1390,甲斐桜子,1
c1391,甲斐一郎,5
c1392,阿南太郎,1
c1393,衛藤幸子,2
c1394,高橋次郎,2
c1395,阿南花子,1
c1396,佐藤太郎,1
c1397,高橋一郎,1
c1398,伊藤正男,1
c1399,工藤幸子,1
c1400,工藤次郎,1
c1401,工藤太郎,1
c1402,後藤恵子,3
c1403,渡辺幸子,3
c1404,佐藤一郎,2
c1405,河野恵子,2
c1406,後藤太郎,1
c1407,河野正男,2
c1408,阿南幸子,1
c1409,高橋健太,1
c1410,佐藤花子,1
c1411,衛藤幸子,1
c1412,渡辺桃子,2
c1413,阿南健太,2
c1414,伊藤幸子,1
c1415,河野太郎,1
c1416,後藤花子,2
c1417,阿南桜子,1
c1418,高橋幸子,1
c1419,衛藤一郎,2
c1420,佐藤花子,5
c1421,阿南一郎,5
c1422,佐藤桜子,1
c1423,河野一郎,1
c1424,伊藤桜子,2
c1425,高橋花子,1
c1426,高橋次郎,1
c1427,阿南恵子,1
c1428,工藤幸子,2
c1429,衛藤幸子,1
c1430,阿南桃子,5
c1431,伊藤花子,1
c1432,佐藤次郎,4
c1433,河野太郎,1
c1434,工藤次郎,1
c1435,後藤正男,1
c1436,甲斐健太,1
c1437,阿南桃子,1
c1438,佐藤健太,2
c1439,佐藤恵子,1
c1440,後藤幸子,1
c1441,工藤太郎,1
c1442,阿南次郎,2
c1443,衛藤健太,3
c1444,工藤桃子,1
c1445,甲斐一郎,1
c1446,阿南一郎,1
c1447,佐藤正男,1
c1448,佐藤花子,2
c1449,甲斐次郎,2
c1450,佐藤桜子,1
c1451,工藤桃子,2
c1452,甲斐桜子,1
c1453,佐藤桃子,1
c1454,工藤太郎,1
c1455,後藤桜子,2
c1456,渡辺幸子,1
c1457,伊藤幸子,1
c1458,阿南花子,1
c1459,河野桃子,1
c1460,伊藤一郎,1
c1461,衛藤花子,1
c1462,阿南正男,2
c1463,高橋桜子,1
c1464,阿南桜子,3
c1465,高橋正男,1
c1466,衛藤健太,2
c1467,後藤幸子,4
c1468,高橋桜子,1
c1469,河野恵子,1
c1470,後藤太郎,1
c1471,甲斐次郎,1
c1472,河野幸子,1
c1473,佐藤次郎,1
c1474,高橋次郎,1
c1475,甲斐次郎,1
c1476,伊藤幸子,2
c1477,衛藤一郎,4
c1478,甲斐一郎,1
c1479,伊藤一郎,1
c1480,甲斐次郎,1
c1481,佐藤恵子,2
c1482,阿南桜子,5
c1483,伊藤一郎,1
c1484,阿南正男,5
c1485,伊藤桃子,2
c1486,佐藤一郎,2
c1487,佐藤次郎,2
c1488,佐藤健太,1
c1489,河野太郎,1
c1490,工藤恵子,1
c1491,渡辺桃子,1
c1492,伊藤幸子,1
c1493,工藤正男,1
c1494,工藤桜子,2
c1495,伊藤次郎,1
c1496,河野桃子,1
c1497,後藤桃子,2
c1498,阿南健太,1
c1499,工藤健太,1
c1500,工藤一郎,1
c1501,甲斐恵子,5
c1502,河野次郎,2
c1503,衛藤次郎,2
c1504,後藤幸子,3
c1505,渡辺桃子,1
c1506,阿南桃子,3
c1507,河野花子,1
c1508,河野桜子,2
c1509,後藤太郎,1
c1510,工藤桃子,1
c1511,阿南桃子,3
c1512,高橋幸子,2
c1513,甲斐花子,2
c1514,甲斐健太,3
c1515,渡辺恵子,1
c1516,伊藤幸子,1
c1517,伊藤幸子,1
c1518,工藤太郎,1
c1519,高橋次郎,1
c1520,伊藤桜子,5
c1521,衛藤健太,3
c1522,河野恵子,5
c1523,佐藤一郎,4
c1524,後藤桜子,3
c1525,河野健太,2
c1526,河野健太,1
c1527,工藤花子,1
c1528,後藤花子,2
c1529,衛藤健太,1
c1530,河野幸子,1
c1531,後藤桃子,2
c1532,阿南幸子,1
c1533,衛藤花子,2
c1534,工藤幸子,1
c1535,伊藤桜子,2
c1536,衛藤幸子,4
c1537,阿南恵子,1
c1538,伊藤一郎,1
c1539,渡辺太郎,3
c1540,工藤次郎,1
c1541,佐藤幸子,2
c1542,衛藤正男,1
c1543,渡辺幸子,2
c1544,佐藤太郎,1
c1545,佐藤桃子,3
c1546,伊藤次郎,1
c1547,後藤健太,1
c1548,高橋次郎,1
c1549,伊藤一郎,2
c1550,衛藤恵子,2
c1551,渡辺桜子,1
c1552,佐藤幸子,1
c1553,甲斐太郎,1
c1554,渡辺太郎,5
c1555,佐藤桃子,1
c1556,衛藤幸子,4
c1557,衛藤次郎,1
c1558,後藤桜子,1
c1559,阿南健太,1
c1560,阿南恵子,2
c1561,衛藤次郎,1
c1562,佐藤太郎,2
c1563,工藤一郎,2
c1564,甲斐正男,1
c1565,河野花子,2
c1566,渡辺太郎,1
c1567,渡辺正男,1
c1568,甲斐幸子,1
c1569,佐藤健太,1
c1570,衛藤正男,1
c1571,河野桜子,5
c1572,佐藤桃子,2
c1573,伊藤花子,1
c1574,阿南正男,1
c1575,河野次郎,1
c1576,阿南恵子,3
c1577,河野恵子,1
c1578,工藤健太,3
c1579,衛藤一郎,5
c1580,河野幸子,1
c1581,高橋一郎,1
c1582,衛藤次郎,1
c1583,阿南桃子,2
c1584,衛藤太郎,2
c1585,佐藤一郎,2
c1586,佐藤健太,3
c1587,河野花子,3
c1588,河野恵子,2
c1589,高橋桜子,2
c1590,阿南桃子,5
c1591,阿南太郎,2
c1592,後藤花子,1
c1593,河野太郎,1
c1594,高橋健太,2
c1595,高橋恵子,1
c1596,衛藤幸子,1
c1597,衛藤桃子,3
c1598,甲斐健太,1
c1599,伊藤桜子,1
c1600,佐藤太郎,1
c1601,渡辺健太,2
c1602,後藤太郎,1
c1603,河野桃子,1
c1604,衛藤花子,1
c1605,伊藤恵子,3
c1606,渡辺花子,5
c1607,阿南太郎,1
c1608,高橋一郎,1
c1609,伊藤正男,2
c1610,工藤恵子,1
c1611,工藤幸子,1
c1612,高橋桜子,1
c1613,後藤次郎,1
c1614,渡辺恵子,4
c1615,佐藤太郎,1
c1616,衛藤太郎,2
c1617,工藤幸子,1
c1618,衛藤正男,1
c1619,衛藤花子,1
c1620,高橋幸子,1
c1621,河野太郎,1
c1622,伊藤桜子,4
c1623,河野正男,1
c1624,佐藤太郎,1
c1625,工藤恵子,3
c1626,衛藤恵子,2
c1627,後藤正男,2
c1628,工藤次郎,5
c1629,後藤太郎,1
c1630,河野花子,4
c1631,河野桃子,1
c1632,高橋恵子,1
c1633,衛藤桜子,2
c1634,工藤桃子,1
c1635,渡辺花子,2
c1636,衛藤正男,1
c1637,伊藤次郎,5
c1638,伊藤健太,1
c1639,工藤一郎,1
c1640,阿南恵子,1
c1641,工藤正男,3
c1642,工藤次郎,3
c1643,工藤幸子,3
c1644,阿南一郎,3
c1645,後藤桃子,1
c1646,後藤次郎,2
c1647,高橋次郎,2
c1648,伊藤次郎,1
c1649,阿南健太,1
c1650,高橋一郎,1
c1651,甲斐太郎,1
c1652,河野次郎,3
c1653,衛藤健太,2
c1654,甲斐正男,2
c1655,渡辺太郎,1
c1656,渡辺花子,1
c1657,伊藤太郎,1
c1658,河野正男,1
c1659,渡辺桃子,1
c1660,工藤花子,2
c1661,佐藤次郎,1
c1662,後藤花子,1
c1663,工藤一郎,1
c1664,渡辺正男,1
c1665,河野桜子,1
c1666,渡辺健太,1
c1667,伊藤健太,5
c1668,佐藤花子,1
c1669,佐藤正男,3
c1670,工藤正男,3
c1671,阿南花子,1
c1672,佐藤幸子,1
c1673,甲斐桜子,1
c1674,後藤幸子,2
c1675,後藤花子,1
c1676,高橋桜子,5
c1677,工藤幸子,2
c1678,工藤次郎,4
c1679,工藤恵子,2
c1680,河野正男,1
c1681,佐藤一郎,1
c1682,伊藤正男,1
c1683,衛藤幸子,3
c1684,阿南一郎,1
c1685,衛藤桃子,1
c1686,工藤桃子,2
c1687,河野次郎,1
c1688,後藤太郎,1
c1689,渡辺恵子,5
c1690,河野幸子,2
c1691,河野花子,1
c1692,甲斐正男,3
c1693,伊藤健太,1
c1694,阿南恵子,1
c1695,工藤桜子,1
c1696,河野一郎,1
c1697,衛藤花子,3
c1698,渡辺正男,1
c1699,渡辺恵子,1
c1700,河野健太,1
c1701,後藤次郎,3
c1702,佐藤太郎,2
c1703,工藤桃子,1
c1704,佐藤恵子,1
c1705,渡辺正男,4
c1706,河野恵子,2
c1707,高橋桃子,1
c1708,河野次郎,1
c1709,佐藤正男,1
c1710,河野桜子,1
c1711,工藤幸子,1
c1712,後藤正男,1
c1713,河野桜子,1
c1714,衛藤恵子,1
c1715,工藤太郎,2
c1716,渡辺桜子,1
c1717,阿南花子,1
c1718,工藤花子,1
c1719,阿南桜子,1
c1720,渡辺健太,2
c1721,後藤次郎,3
c1722,甲斐一郎,1
c1723,佐藤花子,3
c1724,高橋花子,2
c1725,後藤花子,1
c1726,河野次郎,3
c1727,河野恵子,1
c1728,渡辺恵子,3
c1729,甲斐幸子,1
c1730,佐藤花子,1
c1731,衛藤太郎,4
c1732,河野太郎,1
c1733,後藤次郎,4
c1734,渡辺正男,1
c1735,渡辺幸子,1
c1736,衛藤一郎,1
c1737,河野健太,1
c1738,阿南一郎,1
c1739,佐藤正男,1
c1740,高橋次郎,1
c1741,工藤一郎,1
c1742,渡辺次郎,1
c1743,佐藤桃子,1
c1744,甲斐恵子,4
c1745,後藤桜子,1
c1746,河野正男,1
c1747,高橋正男,2
c1748,衛藤一郎,1
c1749,佐藤一郎,3
c1750,伊藤花子,1
c1751,後藤桜子,1
c1752,佐藤次郎,1
c1753,伊藤恵子,1
c1754,伊藤正男,2
c1755,阿南幸子,2
c1756,阿南桜子,1
c1757,伊藤一郎,1
c1758,高橋一郎,1
c1759,阿南正男,1
c1760,渡辺次郎,1
c1761,甲斐幸子,1
c1762,工藤正男,1
c1763,伊藤太郎,1
c1764,工藤幸子,1
c1765,甲斐正男,5
c1766,河野一郎,1
c1767,後藤太郎,1
c1768,工藤桃子,1
c1769,甲斐幸子,1
c1770,阿南正男,1
c1771,甲斐一郎,1
c1772,高橋桜子,1
c1773,工藤桃子,2
c1774,高橋桜子,1
c1775,衛藤正男,1
c1776,高橋一郎,1
c1777,高橋一郎,4
c1778,伊藤次郎,1
c1779,甲斐一郎,1
c1780,河野花子,1
c1781,高橋恵子,1
c1782,伊藤恵子,1
c1783,阿南一郎,4
c1784,甲斐桜子,3
c1785,阿南次郎,2
c1786,阿南花子,1
c1787,河野幸子,1
c1788,河野幸子,2
c1789,伊藤恵子,3
c1790,渡辺正男,1
c1791,衛藤桃子,1
c1792,河野一郎,1
c1793,阿南花子,1
c1794,甲斐太郎,2
c1795,佐藤桜子,2
c1796,伊藤一郎,2
c1797,甲斐一郎,2
c1798,高橋花子,2
c1799,高橋幸子,2
c1800,甲斐幸子,2
c1801,甲斐一郎,1
c1802,工藤次郎,2
c1803,河野健太,1
c1804,渡辺太郎,4
c1805,高橋次郎,1
c1806,工藤幸子,5
c1807,渡辺桃子,1
c1808,阿南太郎,4
c1809,高橋幸子,1
c1810,高橋一郎,1
c1811,伊藤次郎,1
c1812,工藤桜子,1
c1813,阿南桃子,5
c1814,甲斐花子,2
c1815,河野花子,3
c1816,衛藤桜子,2
c1817,阿南一郎,1
c1818,後藤次郎,1
c1819,衛藤幸子,1
c1820,後藤一郎,2
c1821,工藤一郎,1
c1822,阿南正男,1
c1823,佐藤次郎,5
c1824,佐藤一郎,1
c1825,阿南幸子,1
c1826,阿南幸子,1
c1827,伊藤花子,2
c1828,高橋次郎,2
c1829,衛藤恵子,1
c1830,佐藤恵子,1
c1831,渡辺桃子,1
c1832,阿南太郎,1
c1833,河野次郎,1
c1834,甲斐花子,3
c1835,甲斐太郎,2
c1836,高橋太郎,4
c1837,河野花子,1
c1838,高橋幸子,3
c1839,工藤太郎,1
c1840,衛藤次郎,1
c1841,佐藤桜子,1
c1842,河野一郎,1
c1843,甲斐桃子,1
c1844,高橋太郎,2
c1845,工藤次郎,1
c1846,衛藤桃子,1
c1847,後藤太郎,1
c1848,佐藤太郎,1
c1849,伊藤一郎,1
c1850,阿南健太,1
c1851,河野花子,1
c1852,衛藤桃子,2
c1853,伊藤花子,1
c1854,渡辺次郎,1
c1855,衛藤花子,1
c1856,河野太郎,1
c1857,河野桃子,1
c1858,佐藤太郎,1
c1859,衛藤桃子,1
c1860,衛藤一郎,1
c1861,甲斐次郎,1
c1862,阿南幸子,1
c1863,佐藤恵子,1
c1864,佐藤健太,1
c1865,甲斐幸子,3
c1866,高橋一郎,1
c1867,工藤健太,2
c1868,河野一郎,1
c1869,阿南桃子,3
c1870,佐藤一郎,5
c1871,高橋桜子,1
c1872,渡辺恵子,3
c1873,伊藤健太,1
c1874,伊藤幸子,2
c1875,伊藤太郎,1
c1876,後藤太郎,1
c1877,河野太郎,1
c1878,工藤花子,1
c1879,高橋次郎,4
c1880,高橋次郎,2
c1881,高橋正男,1
c1882,工藤健太,1
c1883,甲斐花子,5
c1884,甲斐桃子,1
c1885,佐藤桃子,1
c1886,衛藤恵子,1
c1887,衛藤太郎,1
c1888,高橋健太,1
c1889,工藤次郎,4
c1890,渡辺幸子,1
c1891,高橋花子,1
c1892,阿南花子,3
c1893,伊藤健太,1
c1894,渡辺花子,2
c1895,高橋正男,1
c1896,佐藤次郎,1
c1897,河野正男,1
c1898,高橋桜子,1
c1899,河野一郎,4
c1900,高橋一郎,2
c1901,後藤健太,3
c1902,阿南桃子,3
c1903,後藤次郎,1
c1904,伊藤一郎,1
c1905,伊藤太郎,1
c1906,後藤桜子,1
c1907,高橋正男,2
c1908,衛藤幸子,1
c1909,佐藤太郎,3
c1910,阿南一郎,2
c1911,渡辺健太,2
c1912,後藤桃子,3
c1913,渡辺一郎,1
c1914,後藤幸子,1
c1915,伊藤一郎,3
c1916,衛藤恵子,1
c1917,甲斐正男,1
c1918,工藤桜子,1
c1919,阿南花子,1
c1920,佐藤次郎,2
c1921,河野花子,1
c1922,甲斐恵子,4
c1923,佐藤一郎,2
c1924,工藤恵子,1
c1925,阿南恵子,3
c1926,伊藤桜子,2
c1927,渡辺幸子,1
c1928,伊藤桃子,1
c1929,工藤正男,3
c1930,高橋一郎,1
c1931,甲斐桃子,3
c1932,甲斐桜子,3
c1933,後藤花子,1
c1934,渡辺健太,4
c1935,工藤太郎,1
c1936,阿南恵子,3
c1937,伊藤桃子,1
c1938,河野桜子,2
c1939,後藤太郎,1
c1940,高橋健太,1
c1941,伊藤太郎,1
c1942,阿南桃子,1
c1943,後藤次郎,2
c1944,衛藤幸子,1
c1945,渡辺次郎,1
c1946,甲斐太郎,3
c1947,工藤正男,5
c1948,甲斐幸子,2
c1949,衛藤健太,1
c1950,衛藤次郎,1
c1951,渡辺一郎,3
c1952,工藤幸子,2
c1953,伊藤太郎,4
c1954,衛藤一郎,1
c1955,渡辺花子,1
c1956,高橋恵子,3
c1957,後藤正男,2
c1958,工藤太郎,2
c1959,佐藤桃子,3
c1960,阿南桃子,1
c1961,甲斐恵子,1
c1962,衛藤健太,1
c1963,高橋正男,1
c1964,河野次郎,1
c1965,衛藤桃子,5
c1966,阿南恵子,1
c1967,高橋健太,2
c1968,後藤幸子,2
c1969,伊藤花子,1
c1970,後藤桜子,2
c1971,後藤桜子,1
c1972,工藤花子,5
c1973,衛藤次郎,1
c1974,河野正男,1
c1975,後藤太郎,3
c1976,高橋健太,1
c1977,阿南太郎,2
c1978,工藤一郎,1
c1979,伊藤次郎,5
c1980,後藤次郎,4
c1981,佐藤花子,1
c1982,渡辺桃子,1
c1983,高橋次郎,3
c1984,阿南次郎,2
c1985,甲斐幸子,2
c1986,衛藤花子,2
c1987,衛藤桜子,1
c1988,後藤幸子,3
c1989,衛藤桃子,3
c1990,甲斐次郎,1
c1991,伊藤太郎,1
c1992,後藤次郎,2
c1993,高橋花子,2
c1994,甲斐次郎,4
c1995,阿南一郎,2
c1996,甲斐幸子,1
c1997,工藤桜子,3
c1998,佐藤次郎,2
c1999,阿南一郎,1
c2000,高橋桃子,1
